<?xml version="1.0" encoding="UTF-8" standalone="yes"?>
<addon id="plugin.video.therookie" version="1.0.0" name="The Rookie Season 7" provider-name="YourName">
    <requires>
        <import addon="xbmc.python" version="3.0.0"/>
    </requires>
    <extension point="xbmc.python.pluginsource" library="default.py">
        <provides>video</provides>
    </extension>
    <extension point="xbmc.addon.metadata">
        <summary lang="en">Stream The Rookie Season 7 Episodes</summary>
        <description lang="en">Simple Kodi addon to play The Rookie Season 7 episodes from vidsrc.to</description>
        <platform>all</platform>
    </extension>
</addon>